{"_wandb":{"runtime":5},"_runtime":5.5721751,"_step":10,"epoch":9,"_timestamp":1.745338581292785e+09,"loss":-0.23538613319396973}