{"_runtime":5.8090633,"loss":-0.2699528932571411,"_wandb":{"runtime":5},"_step":10,"epoch":9,"_timestamp":1.7453384803985403e+09}