{"epoch":99,"_wandb":{"runtime":19},"loss":-7.140015602111816,"_timestamp":1.7453396594187276e+09,"_runtime":19.9487924,"_step":199}