{"_runtime":19.5946767,"_step":199,"epoch":99,"_wandb":{"runtime":19},"loss":-7.132955551147461,"_timestamp":1.7453387014960415e+09}