{"_timestamp":1.7453386126091363e+09,"_runtime":8.6391835,"_step":10,"loss":-0.279202938079834,"_wandb":{"runtime":8},"epoch":9}